sentence,palindrome
Is race a social construct ? ,? construct social a race Is
"Does race exist, or is it a social construct ? ","? construct social a it is or exist, race Does"
How do you cope with social anxiety ? ,? anxiety social with cope you do How
How do I overcome my extreme anxiety ? ,? anxiety extreme my overcome I do How
What are your three wishes ? ,? wishes three your are What
"If you had three wishes, what would they be and why ? ","? why and be they would what wishes, three had you If"
What does sex feel for a man ? ,? man a for feel sex does What
What does sex feel like for men ? ,? men for like feel sex does What
How can I gain weight on my body ? ,? body my on weight gain I can How
How do I gain weight fast but still be healthy ? ,? healthy be still but fast weight gain I do How
What are some ghastly stories of Nazi concentration camps ? ,? camps concentration Nazi of stories ghastly some are What
What are the most brutal facts about the Nazi concentration camps ? ,? camps concentration Nazi the about facts brutal most the are What
What are the sites to download free eBooks ? ,? eBooks free download to sites the are What
Which are the website for Free download pdf books ? ,? books pdf download Free for website the are Which
Obesity: Do saunas help you lose weight ? ,? weight lose you help saunas Do Obesity:
Do saunas help lose weight ?  Why or why not ? ,? not why or Why ? weight lose help saunas Do
How do I use downvote correctly ? ,? correctly downvote use I do How
When should you downvote a comment ? ,? comment a downvote you should When
Income Tax: How to check pan card status ? ,? status card pan check to How Tax: Income
How can I check the status of my pan card ? ,? card pan my of status the check I can How
What is the best book to read to learn Java ? ,? Java learn to read to book best the is What
What are the best books for the beginners to learn Java ? ,? Java learn to beginners the for books best the are What
What is your experience with dating an Indian guy ? ,? guy Indian an dating with experience your is What
What were some of the experiences you had dating an Indian guy ? ,? guy Indian an dating had you experiences the of some were What
How do I start a computer science club in my high school ? ,? school high my in club science computer a start I do How
How do I create a successful computer science club in high school ? ,? school high in club science computer successful a create I do How
What are some good Android app ideas (no games) ? ,? games) (no ideas app Android good some are What
What are the best ideas to developing an Android app ? ,? app Android an developing to ideas best the are What
How can I lose 4kg weight ? ,? weight 4kg lose I can How
How can I lose weight effectively ? ,? effectively weight lose I can How
What are the biggest scam in India ? ,? India in scam biggest the are What
Which is the biggest scam in India ? ,? India in scam biggest the is Which
How do I fix my life ? ,? life my fix I do How
How can I fix my life ? ,? life my fix I can How
What are the kalonji benefits for diabetics ? ,? diabetics for benefits kalonji the are What
What are the benefits of using kalonji seeds for diabetes ? ,? diabetes for seeds kalonji using of benefits the are What
What are some good Python web scraping tutorials ? ,? tutorials scraping web Python good some are What
What are some good resources to learn web scraping with Python ? ,? Python with scraping web learn to resources good some are What
What is the root of misogyny ? ,? misogyny of root the is What
What is the nature of misogyny ? ,? misogyny of nature the is What
Why is programming so hard ? ,? hard so programming is Why
Why is programming so tough ? ,? tough so programming is Why
"If your period is 10 days late, are you pregnant ? ","? pregnant you are late, days 10 is period your If"
What does it mean when your period is three days late ? ,? late days three is period your when mean it does What
What is electronic data interchange ? ,? interchange data electronic is What
What is Electronic Data Interchange ?  What is it for ? ,? for it is What ? Interchange Data Electronic is What
Why can you not accelerate to faster than light ? ,? light than faster to accelerate not you can Why
Why can't anything travel faster than the speed of light ? ,? light of speed the than faster travel anything can't Why
Should we celebrate our birthday ? ,? birthday our celebrate we Should
Why should one celebrate one's birthday ? ,? birthday one's celebrate one should Why
How to make money with blogging ? ,? blogging with money make to How
How can I make money from a blog ? ,? blog a from money make I can How
How should I handle a telephone interview ? ,? interview telephone a handle I should How
How should l handle a first telephone interview ? ,? interview telephone first a handle l should How
Why is India so bad at Olympics ? ,? Olympics at bad so India is Why
Why is India performing bad in Olympics ? ,? Olympics in bad performing India is Why
How do I make my mind positive ? ,? positive mind my make I do How
How can I make my mind positive ? ,? positive mind my make I can How
What are Dream11 revenue streams ? ,? streams revenue Dream11 are What
What are revenue streams of Dream11 ? ,? Dream11 of streams revenue are What
Who will win the US election ? ,? election US the win will Who
Between Trump and Clinton who will win US presidential election ? ,? election presidential US win will who Clinton and Trump Between
Which book to buy to learn java ? ,? java learn to buy to book Which
What are the best books to learn Java ? ,? Java learn to books best the are What
What are some websites to download movies for free ? ,? free for movies download to websites some are What
What are some websites from which we can download movies for free ? ,? free for movies download can we which from websites some are What
Which is the best book for gate ECE ? ,? ECE gate for book best the is Which
Which is the best book to prepare for GATE ECE ? ,? ECE GATE for prepare to book best the is Which
what is all branches in mathematics ? ,? mathematics in branches all is what
What are all the branches of mathematics ? ,? mathematics of branches the all are What
What do Russians think of the Romanovs ? ,? Romanovs the of think Russians do What
What do RussianS think about romanov family ? ,? family romanov about think RussianS do What
How to gain weight  ? ,? weight gain to How
How do I gain weight ? ,? weight gain I do How
Can Americans hold dual citizenship ? ,? citizenship dual hold Americans Can
Does the United States allow for dual citizenship ? ,? citizenship dual for allow States United the Does
Is Hillary Clinton too sick to be POTUS ? ,? POTUS be to sick too Clinton Hillary Is
Is Hillary Clinton mentally/physically fit to be president ? ,? president be to fit mentally/physically Clinton Hillary Is
Which is the best way and language to start programming with ? ,? with programming start to language and way best the is Which
Which are the best ways and languages to start learning programming ? ,? programming learning start to languages and ways best the are Which
How do you scan a document to your computer ? ,? computer your to document a scan you do How
How do you scan a document Into your computer ? ,? computer your Into document a scan you do How
Which is best digital marketing course ? ,? course marketing digital best is Which
Will digital marketing a good course to learn ? ,? learn to course good a marketing digital Will
How do you teach a 4 year old toddler to read ? ,? read to toddler old year 4 a teach you do How
What are the best ways to teach kids how to read ? ,? read to how kids teach to ways best the are What
Chemicals used in detEction of commercial bleach ? ,? bleach commercial of detEction in used Chemicals
What chemicals used in detEction of commercial bleach ? ,? bleach commercial of detEction in used chemicals What
How can I rank my keywords on Google first page ? ,? page first Google on keywords my rank I can How
How can I rank my keywords on google first page quickly ? ,? quickly page first google on keywords my rank I can How
Which is highest paid job in civil engineering ? ,? engineering civil in job paid highest is Which
Which is the highest paid job in civil engineering field ? ,? field engineering civil in job paid highest the is Which
What are the components of a computer hardware ? ,? hardware computer a of components the are What
What are the basic components of a computer model ? ,? model computer a of components basic the are What
What are the best books for learning piano ? ,? piano learning for books best the are What
What is the best book to teach yourself to play the piano ? ,? piano the play to yourself teach to book best the is What
How do I hire a legit hacker ? ,? hacker legit a hire I do How
How can I hire a professional hacker ? ,? hacker professional a hire I can How
How do I truly understand mathematics ? ,? mathematics understand truly I do How
What is the best way to learn and understand mathematics ? ,? mathematics understand and learn to way best the is What
What is this keyword in Java ? ,? Java in keyword this is What
"What is ""this"" keyword in java ? ","? java in keyword ""this"" is What"
Is it possible to love more than one person at a time ? ,? time a at person one than more love to possible it Is
Is it really possible to love 2 people at the same time ? ,? time same the at people 2 love to possible really it Is
What is the mystery behind crop circles ? ,? circles crop behind mystery the is What
What is the scientific explanation of crop circles ? ,? circles crop of explanation scientific the is What
What did he say in this video ? ,? video this in say he did What
What is he saying in this video ? ,? video this in saying he is What
How can I earn money online ? ,? online money earn I can How
How do I really make money online ? ,? online money make really I do How
What's the best way to quit meth ? ,? meth quit to way best the What's
What is the best way to quit crystal meth ? ,? meth crystal quit to way best the is What
How can I get enlightened ? ,? enlightened get I can How
What is Enlightenment ?  How can I be Enlightened ? ,? Enlightened be I can How ? Enlightenment is What
How can I improve my spoken English ? ,? English spoken my improve I can How
How do I improve my pronunciation in English ? ,? English in pronunciation my improve I do How
Which programming language is the best nowadays ? ,? nowadays best the is language programming Which
What are the best programming languages to learn today ? ,? today learn to languages programming best the are What
What's your favorite word; why ? ,? why word; favorite your What's
What's your favorite word and why ? ,? why and word favorite your What's
Is there life on other planets ? ,? planets other on life there Is
What are some signs of life on other planets ? ,? planets other on life of signs some are What
What was your favorite movie of the 1990s ? ,? 1990s the of movie favorite your was What
What's your favorite movie from the 1990s ? ,? 1990s the from movie favorite your What's
Do sitting presidents campaign presidential candidates ? ,? candidates presidential campaign presidents sitting Do
Which presidents have endorsed and campaigned for presidential candidates ? ,? candidates presidential for campaigned and endorsed have presidents Which
What is the thesis statement ? ,? statement thesis the is What
What exactly is a thesis statement ? ,? statement thesis a is exactly What
What is the difference between universe and dimension ? ,? dimension and universe between difference the is What
What is the difference between parallel universes and dimensions ? ,? dimensions and universes parallel between difference the is What
What happens when anyone dies on a plane ? ,? plane a on dies anyone when happens What
What happens when someone dies on a plane ? ,? plane a on dies someone when happens What
How can you enhance creativity ? ,? creativity enhance you can How
What is the best way to enhance creativity ? ,? creativity enhance to way best the is What
How can I get a girlfriend in Quora ? ,? Quora in girlfriend a get I can How
Is this possible to get a girlfriend on Quora ? ,? Quora on girlfriend a get to possible this Is
Which is the best coaching for CLAT preparation in Delhi ? ,? Delhi in preparation CLAT for coaching best the is Which
Which is the best institute for CLAT preparation in Delhi ? ,? Delhi in preparation CLAT for institute best the is Which
What does it mean to learn ? ,? learn to mean it does What
"What does it mean ""to learn"" ? ","? learn"" ""to mean it does What"
How did Donald Trump win the presidency ? ,? presidency the win Trump Donald did How
How did Donald Trump won the 2016 USA presidential election ? ,? election presidential USA 2016 the won Trump Donald did How
What is the best life changing decision you made ? ,? made you decision changing life best the is What
What has been the best decision you have made in life ? ,? life in made have you decision best the been has What
What would be the best book to begin with for Java ? ,? Java for with begin to book best the be would What
What are the best books for the beginners to learn Java ? ,? Java learn to beginners the for books best the are What
How can I overcome my porn addiction ? ,? addiction porn my overcome I can How
How do I get rid off from porn addiction ? ,? addiction porn from off rid get I do How
Was Joseph Goebbels an avid reader ? ,? reader avid an Goebbels Joseph Was
Did Joseph Goebbels read books often ? ,? often books read Goebbels Joseph Did
What are some dark secrets of Indian army ? ,? army Indian of secrets dark some are What
What are some unknown dirty/negative secrets of Indian army ? ,? army Indian of secrets dirty/negative unknown some are What
How does PAYTM earn money ? ,? money earn PAYTM does How
How does Paytm company earn money ? ,? money earn company Paytm does How
Where can I take a real iq test ? ,? test iq real a take I can Where
Where can one take a real IQ test ? ,? test IQ real a take one can Where
How do I make home made mass gainer ? ,? gainer mass made home make I do How
How does one make a mass gainer at home ? ,? home at gainer mass a make one does How
Was Fidel Castro a good guy ? ,? guy good a Castro Fidel Was
Was Fidel Castro good or evil ? ,? evil or good Castro Fidel Was
How should I prepare for interview ? ,? interview for prepare I should How
How should I prepare for my first interview ? ,? interview first my for prepare I should How
What's the difference between people and persons ? ,? persons and people between difference the What's
What is the difference between people and a persons ? ,? persons a and people between difference the is What
How should we manage time ? ,? time manage we should How
What should I do to manage my time ? ,? time my manage to do I should What
What should I know about stock market ? ,? market stock about know I should What
What should everyone know about the stock market ? ,? market stock the about know everyone should What
How can we learn hacking efficiently ? ,? efficiently hacking learn we can How
How can I learn hacking for security purposes ? ,? purposes security for hacking learn I can How
Have you ever seen a student roast a teacher ? ,? teacher a roast student a seen ever you Have
Have you ever seen a student completely roasting the teacher ? ,? teacher the roasting completely student a seen ever you Have
Can we stop global warming ? ,? warming global stop we Can
Can we stop global warming ?  Yeo/No ?  Why ? ,? Why ? Yeo/No ? warming global stop we Can
How can I send an email to myself ? ,? myself to email an send I can How
What are some ways to send an email to myself ? ,? myself to email an send to ways some are What
Have you ever tried dating on Quora ? ,? Quora on dating tried ever you Have
Have you ever got yourself a date through Quora ? ,? Quora through date a yourself got ever you Have
Which is best Hollywood movie ever ?  Why ? ,? Why ? ever movie Hollywood best is Which
What are the best top 10 movies of Hollywood ever ? ,? ever Hollywood of movies 10 top best the are What
Where are the best coworking office space in Bangalore ? ,? Bangalore in space office coworking best the are Where
Where can I get affordable coworking space in Bangalore ? ,? Bangalore in space coworking affordable get I can Where
What's the best plan to lose weight ? ,? weight lose to plan best the What's
Can you offer me any advice on how to lose weight ? ,? weight lose to how on advice any me offer you Can
Where did you meet your partner ? ,? partner your meet you did Where
How or where did you meet your spouse/partner ? ,? spouse/partner your meet you did where or How
How can I download video from Facebook ? ,? Facebook from video download I can How
How do I download videos from Facebook. ? ,? Facebook. from videos download I do How
What is the best airfare site ? ,? site airfare best the is What
Where can I find the best deals on airfare ? ,? airfare on deals best the find I can Where
How were the pyramids in ancient Egypt built ? ,? built Egypt ancient in pyramids the were How
What is the best hypothesis on how the pyramids were built ? ,? built were pyramids the how on hypothesis best the is What
How has Jesus Christ changed your life ? ,? life your changed Christ Jesus has How
Has Jesus Christ changed your life and in what way ? ,? way what in and life your changed Christ Jesus Has
How can I lose weight safely ? ,? safely weight lose I can How
What are some ways to lose weight fast ? ,? fast weight lose to ways some are What
What's the best way to quit meth ? ,? meth quit to way best the What's
What is the best way to quit meth cold turkey ? ,? turkey cold meth quit to way best the is What
How to organize my time ? ,? time my organize to How
How can I organize my time better ? ,? better time my organize I can How
What is the QuickBooks contact number ? ,? number contact QuickBooks the is What
Which is the best QuickBooks error support number ? ,? number support error QuickBooks best the is Which
How do I write a recommendation letter ? ,? letter recommendation a write I do How
How do I write a recommendation letter about myself ? ,? myself about letter recommendation a write I do How
How I can master Photoshop and create awesome graphics ? ,? graphics awesome create and Photoshop master can I How
How can I learn Photoshop and create amazing designs and arts ? ,? arts and designs amazing create and Photoshop learn I can How
What's the best way to get fit ? ,? fit get to way best the What's
What are the best ways to get fit ? ,? fit get to ways best the are What
Is Hillary Clinton mentally stable ? ,? stable mentally Clinton Hillary Is
Is Hillary Clinton too sick to be POTUS ? ,? POTUS be to sick too Clinton Hillary Is
What is commercial and subsistence agriculture ?  How do they differ ? ,? differ they do How ? agriculture subsistence and commercial is What
What are the basic properties of subsistence and commercial farming ? ,? farming commercial and subsistence of properties basic the are What
Why do dogs pee on vehicle tyres ? ,? tyres vehicle on pee dogs do Why
Why do dogs urinate on tree or vehicle tyres ? ,? tyres vehicle or tree on urinate dogs do Why
How can I deal with hypocrites ? ,? hypocrites with deal I can How
How do I deal with a hypocrite ? ,? hypocrite a with deal I do How
How do I get back lost hair ? ,? hair lost back get I do How
Is it possible to get back lost hair ? ,? hair lost back get to possible it Is
How can I lose weight  ? ,? weight lose I can How
How do I reduce weight rapidly ? ,? rapidly weight reduce I do How
How does it feel to have your first sex ? ,? sex first your have to feel it does How
How does it feel having sex for the first time ? ,? time first the for sex having feel it does How
How do I overcome anxiety and depression ? ,? depression and anxiety overcome I do How
What should someone do to overcome anxiety ? ,? anxiety overcome to do someone should What
How do we time travel ? ,? travel time we do How
Is time travel possible ?  If yes how,how yes If ? possible travel time Is
What's the best plan to lose weight ? ,? weight lose to plan best the What's
How can I lose an extreme amount of weight ? ,? weight of amount extreme an lose I can How
How can I become a teacher in Scotland ? ,? Scotland in teacher a become I can How
How can an international student become a teacher in Scotland ? ,? Scotland in teacher a become student international an can How
Why do we seek truth ? ,? truth seek we do Why
Why do we always seek the truth ? ,? truth the seek always we do Why
What is the best way to to make money ? ,? money make to to way best the is What
What is the best way to make money fast ? ,? fast money make to way best the is What
What are your greatest accomplishments ? ,? accomplishments greatest your are What
What is your greatest accomplishment to date ? ,? date to accomplishment greatest your is What
Which part of spider plant bears bud ? ,? bud bears plant spider of part Which
Which part of the spider plant bears buds ? ,? buds bears plant spider the of part Which
Which demographic typically contracts schizophrenia ? ,? schizophrenia contracts typically demographic Which
Which demographics are typically diagnosed with schizophrenia ? ,? schizophrenia with diagnosed typically are demographics Which
How does magnesium oxide reacts in water ? ,? water in reacts oxide magnesium does How
How does magnesium oxide react with water ? ,? water with react oxide magnesium does How
What is the main attractive for tourists in Kerala ? ,? Kerala in tourists for attractive main the is What
What are the most attractive tourist center in Kerala ? ,? Kerala in center tourist attractive most the are What
Which are the best books for product management ? ,? management product for books best the are Which
What are some of the best books for product managers ? ,? managers product for books best the of some are What
How do I get rid of a feet fetish ? ,? fetish feet a of rid get I do How
How can I get rid of my foot fetish ? ,? fetish foot my of rid get I can How
What are some dumb questions ever asked on Quora ? ,? Quora on asked ever questions dumb some are What
What are the most annoying questions you see on Quora ? ,? Quora on see you questions annoying most the are What
Get cheAP flight TICKET in India ? ,? India in TICKET flight cheAP Get
Where can I buy cheap flight tickets IN INDIA ? ,? INDIA IN tickets flight cheap buy I can Where
What's the substitute of egg in an eggless cake ? ,? cake eggless an in egg of substitute the What's
What alternative is used for egg while preparing Eggless cakes ? ,? cakes Eggless preparing while egg for used is alternative What
How do I learn the stock market ? ,? market stock the learn I do How
Where can I learn to invest in stocks ? ,? stocks in invest to learn I can Where
Why do we have to care about what people think ? ,? think people what about care to have we do Why
"Why do people think about ""what others will think ? """,""" ? think will others ""what about think people do Why"
What is the best IFB washing machine service center in hyderabad ? ,? hyderabad in center service machine washing IFB best the is What
Where is the best IFB washing machine repair center in Hyderabad ? ,? Hyderabad in center repair machine washing IFB best the is Where
Why is 9gag named so ? ,? so named 9gag is Why
Why is 9GAG called 9GAG ? ,? 9GAG called 9GAG is Why
What are some substitutes for fresh tarragon ? ,? tarragon fresh for substitutes some are What
What alternative can you use for fresh tarragon ? ,? tarragon fresh for use you can alternative What
What are common automation testing tools ? ,? tools testing automation common are What
What is a good mobile automation testing tool which is freely available ? ,? available freely is which tool testing automation mobile good a is What
Is the white race dying out ? ,? out dying race white the Is
Will the white race really eventually disappear ? ,? disappear eventually really race white the Will
What is the best travel hack ? ,? hack travel best the is What
What is the best travel hacks ? ,? hacks travel best the is What
What is the best country for immigration ? ,? immigration for country best the is What
What are the best countries for immigrants ? ,? immigrants for countries best the are What
How Can You Recover Your Gmail Password ? ,? Password Gmail Your Recover You Can How
How do you recover your gmail account password ? ,? password account gmail your recover you do How
How can one improve his writing skills ? ,? skills writing his improve one can How
What is the best way to improve my writing skills ? ,? skills writing my improve to way best the is What
Do people in Pakistan watch Comedy Nights with Kapil ? ,? Kapil with Nights Comedy watch Pakistan in people Do
Do people watch comedy nights with Kapil in Pakistan ? ,? Pakistan in Kapil with nights comedy watch people Do
Where can I find best hotels in Nainital ? ,? Nainital in hotels best find I can Where
Where can you find the best hotels in Nainital ? ,? Nainital in hotels best the find you can Where
How can I recover my deleted files from computer ? ,? computer from files deleted my recover I can How
How do I recover my deleted data files from a hard disk ? ,? disk hard a from files data deleted my recover I do How
Why is Saltwater taffy candy imported in Japan ? ,? Japan in imported candy taffy Saltwater is Why
Why is saltwater Taffy candy imported in Canada ? ,? Canada in imported candy Taffy saltwater is Why
Why are my questions always flagged as needing improvement ? ,? improvement needing as flagged always questions my are Why
Why does my question keep getting marked as needing improvement ? ,? improvement needing as marked getting keep question my does Why
How do I remove pimple ? ,? pimple remove I do How
What should I do to remove pimples from face ? ,? face from pimples remove to do I should What
Which bank interest rate is high for fixed deposit ? ,? deposit fixed for high is rate interest bank Which
Which bank gives the maximum interest rate for fixed deposits ? ,? deposits fixed for rate interest maximum the gives bank Which
Where can I get wonderful floor tiles company in Sydney ? ,? Sydney in company tiles floor wonderful get I can Where
Where can I get fantastic value in Sydney for floor tiles ? ,? tiles floor for Sydney in value fantastic get I can Where
Should I worry about what people think about me ? ,? me about think people what about worry I Should
How do I stop worrying about what others think of me ? ,? me of think others what about worrying stop I do How
What is the meaning or purpose of life ? ,? life of purpose or meaning the is What
What do you think is the ultimate meaning of life ? ,? life of meaning ultimate the is think you do What
What is Hillary Clinton's strategy against ISIS ? ,? ISIS against strategy Clinton's Hillary is What
What is Hillary Clinton's strategy to take down ISIS ? ,? ISIS down take to strategy Clinton's Hillary is What
What's the difference between real analysis and calculus ? ,? calculus and analysis real between difference the What's
What are the similarities and differences between calculus and real analysis ? ,? analysis real and calculus between differences and similarities the are What
Is Salman Khan a good actor ? ,? actor good a Khan Salman Is
Do you think Salman Khan is a good actor ? ,? actor good a is Khan Salman think you Do
What's the difference between a Turtle and a Tortoise ? ,? Tortoise a and Turtle a between difference the What's
What are the main differences between turtle and tortoise ? ,? tortoise and turtle between differences main the are What
"In influence geography, what is the sphere ? ","? sphere the is what geography, influence In"
What is the sphere of influence in geography ? ,? geography in influence of sphere the is What
How do I learn to talk less ? ,? less talk to learn I do How
How can I learn to talk less ? ,? less talk to learn I can How
How can I make a difference online ? ,? online difference a make I can How
How can you make a difference online ? ,? online difference a make you can How
How can I learn to be okay being alone ? ,? alone being okay be to learn I can How
How do you become comfortable being alone ? ,? alone being comfortable become you do How
How do I make myself smart ? ,? smart myself make I do How
How I make myself smart in life ? ,? life in smart myself make I How
What are the world's most technologically advanced cities ? ,? cities advanced technologically most world's the are What
Where in the world are the most technologically advanced places ? ,? places advanced technologically most the are world the in Where
Does Indonesia steal from Malaysia ? ,? Malaysia from steal Indonesia Does
Which country steals from which between Indonesia and Malaysia ? ,? Malaysia and Indonesia between which from steals country Which
Why do presidential nominees get security briefings ? ,? briefings security get nominees presidential do Why
Why do presidential candidates need classified briefings ? ,? briefings classified need candidates presidential do Why
What is Paris Hilton's personality ? ,? personality Hilton's Paris is What
What is Paris Hilton like in person ? ,? person in like Hilton Paris is What
How can I hack someone's Wi-Fi password ? ,? password Wi-Fi someone's hack I can How
How do I hack any security wifi password ? ,? password wifi security any hack I do How
Where can I find the best dog training tips ? ,? tips training dog best the find I can Where
Where can people find the best dog training tips ? ,? tips training dog best the find people can Where
What are some of the best romantic Hollywood movies ? ,? movies Hollywood romantic best the of some are What
Which are the top ten best Hollywood romantic movies ? ,? movies romantic Hollywood best ten top the are Which
Would there still be web hosting without net neutrality ? ,? neutrality net without hosting web be still there Would
Will people still be able to have websites with no net neutrality ? ,? neutrality net no with websites have to able be still people Will
Will there be another billion dollar lottery Jackpot ? ,? Jackpot lottery dollar billion another be there Will
When will the lottery reach the next billion dollar jackpot ? ,? jackpot dollar billion next the reach lottery the will When
Why is there a word limit for question details ? ,? details question for limit word a there is Why
Why does Quora have a character limit in Question Details ? ,? Details Question in limit character a have Quora does Why
What are the signs of a manipulative person ? ,? person manipulative a of signs the are What
What does is mean to be a manipulative person ? ,? person manipulative a be to mean is does What
What is the best tourist spot in India ? ,? India in spot tourist best the is What
What are the best tourist spots in India ? ,? India in spots tourist best the are What
Where are skateboard wheels made ? ,? made wheels skateboard are Where
What are skateboard wheels made of ? ,? of made wheels skateboard are What
What I have to do to become a neurologist ? ,? neurologist a become to do to have I What
If I were to become a neurologist what should I do ? ,? do I should what neurologist a become to were I If
Where can I get a legit hacker ? ,? hacker legit a get I can Where
How do I hire an ethical hacker ? ,? hacker ethical an hire I do How
What's the best decision you've ever made ? ,? made ever you've decision best the What's
What is the best life changing decision you made ? ,? made you decision changing life best the is What
How do l see who viewed my videos on Instagram ? ,? Instagram on videos my viewed who see l do How
How do you know who viewed you video on Instagram ? ,? Instagram on video you viewed who know you do How
How do you talk someone out of committing suicide ? ,? suicide committing of out someone talk you do How
How do you talk someone down from committing suicide ? ,? suicide committing from down someone talk you do How
What is the history of karate ? ,? karate of history the is What
What are the origins of karate ? ,? karate of origins the are What
Why sound waves can't be polarised ? ,? polarised be can't waves sound Why
Why sound waves cannot be polarized ? ,? polarized be cannot waves sound Why
How can atrial fibrillation cause a stroke ? ,? stroke a cause fibrillation atrial can How
How is atrial fibrillation connected to strokes ? ,? strokes to connected fibrillation atrial is How
Why is Saltwater Taffy candy imported in Italy ? ,? Italy in imported candy Taffy Saltwater is Why
Why is Saltwater taffy candy imported in The Bahamas ? ,? Bahamas The in imported candy taffy Saltwater is Why
How big are blue whales ? ,? whales blue are big How
How big is a blue whale ? ,? whale blue a is big How
What is the difference between marketing strategy and marketing plan ? ,? plan marketing and strategy marketing between difference the is What
What is the difference between marketing strategy and marketing tactics ? ,? tactics marketing and strategy marketing between difference the is What
What is the most popular cartoon character ? ,? character cartoon popular most the is What
What is the most popular cartoon character in the world ? ,? world the in character cartoon popular most the is What
Are life insurance premiums tax deductible ? ,? deductible tax premiums insurance life Are
What life insurance premiums are tax deductible ? ,? deductible tax are premiums insurance life What
What is a governmentand what are its basic functions ? ,? functions basic its are what governmentand a is What
What is a government and what are its basic functions ? ,? functions basic its are what and government a is What
What are some fundamental human rights ? ,? rights human fundamental some are What
What are the fundamental human rights and their limitations ? ,? limitations their and rights human fundamental the are What
How can you recover your Gmail password ? ,? password Gmail your recover you can How
How can I recover my Gmail account's password ? ,? password account's Gmail my recover I can How
If I have a tattoo can I donate blood ? ,? blood donate I can tattoo a have I If
Can people having tattoos donate blood ? ,? blood donate tattoos having people Can
What if hitler won the war ? ,? war the won hitler if What
What would the world be like today if Hitler won WWII ? ,? WWII won Hitler if today like be world the would What
How do I lose weight in a month ? ,? month a in weight lose I do How
How do I lose weight in 1 months ? ,? months 1 in weight lose I do How
What actually existed before the Big Bang ? ,? Bang Big the before existed actually What
Is there a scientific name for what existed before the Big Bang ? ,? Bang Big the before existed what for name scientific a there Is
Which is the best war strategy book ? ,? book strategy war best the is Which
Which books are the best to refer to for understanding war strategies ? ,? strategies war understanding for to refer to best the are books Which
Do we need smaller states ? ,? states smaller need we Do
Should India have more states ? ,? states more have India Should
What you can do when you are depressed ? ,? depressed are you when do can you What
What could you do when you are depressed ? ,? depressed are you when do you could What
What are the steps to building a website ? ,? website a building to steps the are What
What are the steps to follow for building my website ? ,? website my building for follow to steps the are What
How can I learn English literature ? ,? literature English learn I can How
Which is the best way to learn English literature ? ,? literature English learn to way best the is Which
What is the best way to clean ears ? ,? ears clean to way best the is What
What are some good ways to clean ears ? ,? ears clean to ways good some are What
What's your favorite NFL team ? ,? team NFL favorite your What's
Which is your favorite NFL team ? ,? team NFL favorite your is Which
Is the Indian currency has GPS nano chip ? ,? chip nano GPS has currency Indian the Is
Do the new notes in India need the GPS chip ? ,? chip GPS the need India in notes new the Do
How much time do I need to learn JavaScript ? ,? JavaScript learn to need I do time much How
How many days do I need to learn JavaScript Programming Language ? ,? Language Programming JavaScript learn to need I do days many How
Which directors have influenced Werner Herzog ? ,? Herzog Werner influenced have directors Which
Which directors have been influenced by Werner Herzog ? ,? Herzog Werner by influenced been have directors Which
What makes bad individuals become good ? ,? good become individuals bad makes What
What causes a bad person to become a good one ? ,? one good a become to person bad a causes What
How do I improve the Alexa rank Quickly ? ,? Quickly rank Alexa the improve I do How
How do I improve the Alexa ranking of my site ? ,? site my of ranking Alexa the improve I do How
How can you eradicate racism in america ? ,? america in racism eradicate you can How
What will it take to eradicate racism in America ? ,? America in racism eradicate to take it will What
How do you create a Pinger account ? ,? account Pinger a create you do How
What is the best way to create a Pinger account ? ,? account Pinger a create to way best the is What
How do introverts enjoy life ? ,? life enjoy introverts do How
Do introverts enjoy their life ? ,? life their enjoy introverts Do
What are the adaptations of a Joshua tree ? ,? tree Joshua a of adaptations the are What
What are some adaptations of a Joshua tree ? ,? tree Joshua a of adaptations some are What
Is Greece a good place to visit ? ,? visit to place good a Greece Is
Is it a good to visit greece now ? ,? now greece visit to good a it Is
How do I lose weight without doing any sport ? ,? sport any doing without weight lose I do How
Is it possible to lose weight without doing exercise ? ,? exercise doing without weight lose to possible it Is
Where are all my Gmail accounts ? ,? accounts Gmail my all are Where
How do I find my list of GMail addresses ? ,? addresses GMail of list my find I do How
How can I increase traffic to my website using social media ? ,? media social using website my to traffic increase I can How
How can I increase the traffic on my website without investing ? ,? investing without website my on traffic the increase I can How
Should people over 98 not be allowed to vote ? ,? vote to allowed be not 98 over people Should
Should people over 100 not be allowed to vote ? ,? vote to allowed be not 100 over people Should
What are the best love story books ? ,? books story love best the are What
Which are the best love story novels ever ? ,? ever novels story love best the are Which
What do you want in life ? ,? life in want you do What
What is it that you want from your life ? ,? life your from want you that it is What
How do I find my lost android phone ? ,? phone android lost my find I do How
How do I search a lost android phone ? ,? phone android lost a search I do How
Should people over 97 not be allowed to vote ? ,? vote to allowed be not 97 over people Should
Should people over 99 not be allowed to vote ? ,? vote to allowed be not 99 over people Should
How can I come out of my comfort zone ? ,? zone comfort my of out come I can How
How do you make yourself completely come out of your comfort zone ? ,? zone comfort your of out come completely yourself make you do How
Could humans ever travel back in time ? ,? time in back travel ever humans Could
Is it truly possible that we can travel back in time ? ,? time in back travel can we that possible truly it Is
Where can I find a good hacker ? ,? hacker good a find I can Where
Where can I hire an email hacker ? ,? hacker email an hire I can Where
Was Hillary Clinton email hacked ? ,? hacked email Clinton Hillary Was
Was Hillary Clinton's email server hacked ? ,? hacked server email Clinton's Hillary Was
Which are books that one should read in there life time ? ,? time life there in read should one that books are Which
Which books should one definitely read in one's life time ? ,? time life one's in read definitely one should books Which
What are some exercises to decrease belly fat ? ,? fat belly decrease to exercises some are What
What one exercise will help me lose belly fat ? ,? fat belly lose me help will exercise one What
What are your 5 favorite poems ? ,? poems favorite 5 your are What
What are your favorite poems and why ? ,? why and poems favorite your are What
Are there any investors on Quora ? ,? Quora on investors any there Are
Which startup investors are on Quora ? ,? Quora on are investors startup Which
Where can I download comics ? ,? comics download I can Where
Where can I download comics. ? ,? comics. download I can Where
What are some scientific or psychological theories of homosexuality ? ,? homosexuality of theories psychological or scientific some are What
What is the current scientific thinking on the cause of homosexuality ? ,? homosexuality of cause the on thinking scientific current the is What
How do I make money as programmer ? ,? programmer as money make I do How
What's the best way to make money as a programmer ? ,? programmer a as money make to way best the What's
How can I manage my anger ? ,? anger my manage I can How
What can one do to control his/her anger ? ,? anger his/her control to do one can What
Where did the big bang take place ? ,? place take bang big the did Where
What is there now at the point where the big bang originated ? ,? originated bang big the where point the at now there is What
Can we ever see Reservation free India ? ,? India free Reservation see ever we Can
Will reservation on caste basis ever end in India ? ,? India in end ever basis caste on reservation Will
What is the best way to learn big data ? ,? data big learn to way best the is What
What is big data ?  And how can I learn it ? ,? it learn I can how And ? data big is What
How can I start to make money online ? ,? online money make to start I can How
How can I realistically make money online ? ,? online money make realistically I can How
How can you remove ads from Youtube ? ,? Youtube from ads remove you can How
How do you remove ads from all youtube videos ? ,? videos youtube all from ads remove you do How
How do I save money while shopping ? ,? shopping while money save I do How
How can I save more on online shopping ? ,? shopping online on more save I can How
What's something about you that no one knows ? ,? knows one no that you about something What's
What is something most people don't know about you ? ,? you about know don't people most something is What
What is the best picture taken by you ? ,? you by taken picture best the is What
What is the best photo ever taken in your life ? ,? life your in taken ever photo best the is What
How can someone overcome servere social anxiety ? ,? anxiety social servere overcome someone can How
How does one cope with and eventually overcome Social Anxiety Disorder ? ,? Disorder Anxiety Social overcome eventually and with cope one does How
What has been the best moment in your entire life ? ,? life entire your in moment best the been has What
What is the best moment in your life you can think of ? ,? of think can you life your in moment best the is What
Is soda bad for you ? ,? you for bad soda Is
Why is soda so bad for you ? ,? you for bad so soda is Why
How can I understand machine learning ? ,? learning machine understand I can How
How do i get started on machine learning ? ,? learning machine on started get i do How
Are Puerto Rican men good in bed ? ,? bed in good men Rican Puerto Are
Why are Puerto Rican men so good in bed ? ,? bed in good so men Rican Puerto are Why
What is the best book for microbiology ? ,? microbiology for book best the is What
What are the best books on microbiology ? ,? microbiology on books best the are What
What is the worst advice you've ever been given ? ,? given been ever you've advice worst the is What
What is the worst advice anyone has ever given to you ? ,? you to given ever has anyone advice worst the is What
How do I prepare for a web developer interview ? ,? interview developer web a for prepare I do How
How should I prepare for Web developer interview ? ,? interview developer Web for prepare I should How
Is it worth going to college ? ,? college to going worth it Is
Is it worth going to college in today's society ? ,? society today's in college to going worth it Is
Is vacuum energy infinite ?  How and why ? ,? why and How ? infinite energy vacuum Is
"Is vacuum energy infinite ?  If it is, why ? ","? why is, it If ? infinite energy vacuum Is"
How can we improve in our lives ? ,? lives our in improve we can How
What can we do to improve our lives ? ,? lives our improve to do we can What
Which season of The Walking Dead is the best ? ,? best the is Dead Walking The of season Which
What do you think is the best Walking Dead season ? ,? season Dead Walking best the is think you do What
Who is considered as greatest leader in history ? ,? history in leader greatest as considered is Who
Who is considered the greatest leader in the world history ? ,? history world the in leader greatest the considered is Who
How you can improve your life ? ,? life your improve can you How
What is the best way to improve life ? ,? life improve to way best the is What
What is your review of Capital Cities ? ,? Cities Capital of review your is What
What is your review of Capital Cities (band) ? ,? (band) Cities Capital of review your is What
How ca n I improve my communication skill ? ,? skill communication my improve I n ca How
How do I improve my communication skills. ? ,? skills. communication my improve I do How
How to cancel all friend request pending on Facebook ? ,? Facebook on pending request friend all cancel to How
What are some ways to delete a friend request on Facebook ? ,? Facebook on request friend a delete to ways some are What
What is the difference between IIT boys and private college boys ? ,? boys college private and boys IIT between difference the is What
What is the difference between IIT and other engineering colleges ? ,? colleges engineering other and IIT between difference the is What
How do I know your gay ? ,? gay your know I do How
How can I find out if someone is gay ? ,? gay is someone if out find I can How
What is the difference between front and back end ? ,? end back and front between difference the is What
What's the difference between front end and back end programming ? ,? programming end back and end front between difference the What's
How can I get rid of red spots on my face ? ,? face my on spots red of rid get I can How
How do you get rid of red spots on your face ? ,? face your on spots red of rid get you do How
CAN we achieve absolute zero ?  What is negative temperature then ? ,? then temperature negative is What ? zero absolute achieve we CAN
Is it theoretically possible to achieve the absolute zero temperature ? ,? temperature zero absolute the achieve to possible theoretically it Is
Is it possible to fly a commercial jet into space ? ,? space into jet commercial a fly to possible it Is
Is it possible for a passenger flight to fly to space ? ,? space to fly to flight passenger a for possible it Is
How should you start learning programming ? ,? programming learning start you should How
How do you get started learning programming ? ,? programming learning started get you do How
What should be done to improve our education system ? ,? system education our improve to done be should What
What is the best way to improve the educational system ? ,? system educational the improve to way best the is What
How do I download from torrent ? ,? torrent from download I do How
Can I still Download from Torrents ? ,? Torrents from Download still I Can
What will be the scenario if humans disappear from earth ? ,? earth from disappear humans if scenario the be will What
Hypothetical scenarios: What would happen if humans disappeared from Earth ? ,? Earth from disappeared humans if happen would What scenarios: Hypothetical
How was Big Bang created ? ,? created Bang Big was How
What caused the Big Bang ? ,? Bang Big the caused What
What is the best way to learn Cyber Security ? ,? Security Cyber learn to way best the is What
What is the best way to get experience in cyber security ? ,? security cyber in experience get to way best the is What
Are you interested in home based part time jobs ? ,? jobs time part based home in interested you Are
Are you interested in doing home based part time job ? ,? job time part based home doing in interested you Are
How do I improve my English writing skills ? ,? skills writing English my improve I do How
English is my second language.How can I improve my writing ? ,? writing my improve I can language.How second my is English
What is the difference between mouse and rat ? ,? rat and mouse between difference the is What
What is the difference between mouse and a rat ? ,? rat a and mouse between difference the is What
Is Robin Hood a criminal or a hero ? ,? hero a or criminal a Hood Robin Is
How would you consider Robin Hood a hero and a villan ? ,? villan a and hero a Hood Robin consider you would How
Are there any shows similar to the Game of Thrones ? ,? Thrones of Game the to similar shows any there Are
What are other TV Shows similar to The Game of Thrones ? ,? Thrones of Game The to similar Shows TV other are What
Is web development a good career option ? ,? option career good a development web Is
How wise is to choose web development as a career ? ,? career a as development web choose to is wise How
Who is the gorgeous woman that you ever seen ? ,? seen ever you that woman gorgeous the is Who
Who is the most beautiful woman you ever saw ? ,? saw ever you woman beautiful most the is Who
What is a procedural language ? ,? language procedural a is What
What is the difference between a procedural language and a programming language ? ,? language programming a and language procedural a between difference the is What
What is it like to work at a startup ? ,? startup a at work to like it is What
What does it feel like to work for a startup ? ,? startup a for work to like feel it does What
What is the difference between permittivity and permeability ? ,? permeability and permittivity between difference the is What
What are the differences between permittivity and permeability ? ,? permeability and permittivity between differences the are What
Should I invest in Bitcoin ? ,? Bitcoin in invest I Should
Is it wise to Invest in Bitcoins in 2016 ? ,? 2016 in Bitcoins in Invest to wise it Is
What is the surgical strike ? ,? strike surgical the is What
What is meant by surgical strikes ? ,? strikes surgical by meant is What
How do I add a topic in Quora ? ,? Quora in topic a add I do How
How do I add all topics in Quora ? ,? Quora in topics all add I do How
What are some mind blowing Car gadgets ? ,? gadgets Car blowing mind some are What
What are some mind blowing car gadgets tool ? ,? tool gadgets car blowing mind some are What
What are some best resume ? ,? resume best some are What
Which is the best resume ever any by whom ? ,? whom by any ever resume best the is Which
How do you write a better college essay ? ,? essay college better a write you do How
How do I write the best college application essay ? ,? essay application college best the write I do How
Is a third World War imminent ? ,? imminent War World third a Is
How imminent is World War three ? ,? three War World is imminent How
Why we should read books ? ,? books read should we Why
Why should we read more books ? ,? books more read we should Why
How can I change my Quora profile photo ? ,? photo profile Quora my change I can How
How do I change my profile pic on Quora ? ,? Quora on pic profile my change I do How
Where did cuss words come from ? ,? from come words cuss did Where
Where do swear words originate from ? ,? from originate words swear do Where
What are the Trump election consequences on Silicon Valley ? ,? Valley Silicon on consequences election Trump the are What
What impact could a Trump presidency have on Silicon Valley ? ,? Valley Silicon on have presidency Trump a could impact What
How does one use Twitter ? ,? Twitter use one does How
What's the best way to use Twitter ? ,? Twitter use to way best the What's
Is time traval possible in future ? ,? future in possible traval time Is
Will time travel be possible in future ? ,? future in possible be travel time Will
How many lawyers are there in the USA ? ,? USA the in there are lawyers many How
How many lawyers are there in the United States ? ,? States United the in there are lawyers many How
How can I stop myself from wasting time on the net ? ,? net the on time wasting from myself stop I can How
How can I stop myself from spending more time on the internet ? ,? internet the on time more spending from myself stop I can How
Should we be more scientific or spiritual ? ,? spiritual or scientific more be we Should
Can anyone be scientific and yet spiritual ? ,? spiritual yet and scientific be anyone Can
Who is the most famous poets ? ,? poets famous most the is Who
Who are the most famous poets ? ,? poets famous most the are Who
What things were invented in ancient Rome ? ,? Rome ancient in invented were things What
What are some inventions that were made in Ancient Rome ? ,? Rome Ancient in made were that inventions some are What
What is the method to calculate atomic mass ? ,? mass atomic calculate to method the is What
How can I calculate the atomic mass of an element ? ,? element an of mass atomic the calculate I can How
What is origin of gravity ? ,? gravity of origin is What
What is the reason for gravity ? ,? gravity for reason the is What
Which is better-GMAT or CAT ? ,? CAT or better-GMAT is Which
Which is harder GMAT or cat ? ,? cat or GMAT harder is Which
How do I improve logical programming skills ? ,? skills programming logical improve I do How
What is the best way to improve logical skills in programming ? ,? programming in skills logical improve to way best the is What
How do I calculate electric power of motor ? ,? motor of power electric calculate I do How
How should I calculate the electric motor power ? ,? power motor electric the calculate I should How
What are the best ways to lose weight ? ,? weight lose to ways best the are What
What are some ways to lose weight fast ? ,? fast weight lose to ways some are What
Why are some accounts banned on Quora ? ,? Quora on banned accounts some are Why
Why do some accounts get banned on Quora ? ,? Quora on banned get accounts some do Why
What are the differences between WWE and impact wrestling ? ,? wrestling impact and WWE between differences the are What
What are the differences between impact wrestling and WWE wrestling ? ,? wrestling WWE and wrestling impact between differences the are What
What are the most profitable Indian startups ? ,? startups Indian profitable most the are What
Which are the most profitable Indian startups ? ,? startups Indian profitable most the are Which
How do I download free movies from torrent ? ,? torrent from movies free download I do How
How do I download movies from torrent sites ? ,? sites torrent from movies download I do How
Why do people commit suicide ? ,? suicide commit people do Why
What is the main reason why people commit suicide ? ,? suicide commit people why reason main the is What
What is the best gift you've received ? ,? received you've gift best the is What
What is the best gift that you ever recieved ? ,? recieved ever you that gift best the is What
How do you make your facial hair grow faster ? ,? faster grow hair facial your make you do How
What are the best ways to grow facial hair faster ? ,? faster hair facial grow to ways best the are What
What are the levels of management ? ,? management of levels the are What
What are the three levels of management ? ,? management of levels three the are What
Why do people hate Hillary Clinton ? ,? Clinton Hillary hate people do Why
Why do so many people hate Hilary Clinton ? ,? Clinton Hilary hate people many so do Why
What should I do if I forgot my Instagram password and email ? ,? email and password Instagram my forgot I if do I should What
What should I do when I forgot my Instagram password and email ? ,? email and password Instagram my forgot I when do I should What
How can I cure holes caused by pimples ? ,? pimples by caused holes cure I can How
Is it possible to cure the holes caused by pimples ? ,? pimples by caused holes the cure to possible it Is
Who are some Democrats who could run against Trump in 2020 ? ,? 2020 in Trump against run could who Democrats some are Who
Who are the likely Democrats to run in the 2020 Presidential primaries ? ,? primaries Presidential 2020 the in run to Democrats likely the are Who
What is the best mic to record vocals ? ,? vocals record to mic best the is What
What are the best microphones for singing and recording vocals ? ,? vocals recording and singing for microphones best the are What
How do I set goals for life ? ,? life for goals set I do How
How do I set a personal goal in life ? ,? life in goal personal a set I do How
What is the difference between expert system and artificial intelligence ? ,? intelligence artificial and system expert between difference the is What
What is the difference between an expert system and artificial intelligence ? ,? intelligence artificial and system expert an between difference the is What
How do you know you love a person ? ,? person a love you know you do How
How do you know if you love a person ? ,? person a love you if know you do How
What happens when you die ? ,? die you when happens What
What happens when you die ?  (No religion),religion) (No ? die you when happens What
Which are best inspirational movies ? ,? movies inspirational best are Which
What are the best inspirational and motivational movie ever ? ,? ever movie motivational and inspirational best the are What
What will be your New Year's resolution for 2017 ? ,? 2017 for resolution Year's New your be will What
What are some meaningful new year resolutions for 2017 ? ,? 2017 for resolutions year new meaningful some are What
What is the sense of life ? ,? life of sense the is What
What the meaning of this all life ? ,? life all this of meaning the What
Does International Space Station as a commanding officer or a captain ? ,? captain a or officer commanding a as Station Space International Does
Does International Space Station has a commanding officer or a captain ? ,? captain a or officer commanding a has Station Space International Does
How can people stop daydreaming ? ,? daydreaming stop people can How
How do I avoid or stop daydreaming ? ,? daydreaming stop or avoid I do How
Why do many men cheat ? ,? cheat men many do Why
Why is it that most men cheat ? ,? cheat men most that it is Why
What are the things to do before die ? ,? die before do to things the are What
What are the things to do before you die ? ,? die you before do to things the are What
What is the parameter for success ? ,? success for parameter the is What
What should be the parameters of success ? ,? success of parameters the be should What
What are some interesting facts about Pluto ? ,? Pluto about facts interesting some are What
What are some interesting facts about the planet Pluto ? ,? Pluto planet the about facts interesting some are What
Is there any way to reduce penis size ? ,? size penis reduce to way any there Is
Is there a method to decrease penis size ? ,? size penis decrease to method a there Is
Why are some people so awful ? ,? awful so people some are Why
Why are there people who are dicks ? ,? dicks are who people there are Why
How do I get Patent Rights for my concept ? ,? concept my for Rights Patent get I do How
How can I get a patent for my work and theories ? ,? theories and work my for patent a get I can How
What is the most scary thing ? ,? thing scary most the is What
What is the most terrifying thing ? ,? thing terrifying most the is What
How do I make friends in middle school ? ,? school middle in friends make I do How
How can I make friends in middle school ? ,? school middle in friends make I can How
What's your favorite alcoholic beverage ? ,? beverage alcoholic favorite your What's
What are your favorite and least favorite alcoholic beverages ? ,? beverages alcoholic favorite least and favorite your are What
Best of X: What are the best book titles ? ,? titles book best the are What X: of Best
What is the best book title you've ever come across ? ,? across come ever you've title book best the is What
How do I learn the art of writing ? ,? writing of art the learn I do How
Where & how do I learn the art of writing ? ,? writing of art the learn I do how & Where
How much black money is recovered till now ? ,? now till recovered is money black much How
How much black money is unearthed through demonetization ? ,? demonetization through unearthed is money black much How
Who are the best directors of Bollywood ? ,? Bollywood of directors best the are Who
Who are some of the best directors in Bollywood ? ,? Bollywood in directors best the of some are Who
Does weight training reduce height ? ,? height reduce training weight Does
Does weight training stop height growth ? ,? growth height stop training weight Does
How can I stop procrastination ? ,? procrastination stop I can How
How do I stop my bad habit of procrastination ? ,? procrastination of habit bad my stop I do How
How can I learn communication skills ? ,? skills communication learn I can How
How can I increase my communication skills ? ,? skills communication my increase I can How
What are your views on the Brexit ? ,? Brexit the on views your are What
What is your opinion about brexit ? ,? brexit about opinion your is What
How can I improve my website ranking ? ,? ranking website my improve I can How
How do we increase our website ranking ? ,? ranking website our increase we do How
How do we calculate calorific value of coal ? ,? coal of value calorific calculate we do How
How do you calculate calorific value of coal ? ,? coal of value calorific calculate you do How
Why do my hands shake after workout ? ,? workout after shake hands my do Why
Why do my hands shake after a workout ? ,? workout a after shake hands my do Why
Why is pupillary distance important ? ,? important distance pupillary is Why
What is pupillary distance ?  Why is it important ? ,? important it is Why ? distance pupillary is What
Which is the funniest joke you've ever heard ? ,? heard ever you've joke funniest the is Which
What is the best hilarious joke you have ever heard ? ,? heard ever have you joke hilarious best the is What
Which coding language is best to start with ? ,? with start to best is language coding Which
What is the best code language for beginners ? ,? beginners for language code best the is What
What reminds you that you are not young anymore ? ,? anymore young not are you that you reminds What
What did make you realize you aren't young anymore ? ,? anymore young aren't you realize you make did What
How can I get rid of my loneliness ? ,? loneliness my of rid get I can How
How do I get rid of my loneliness and emptiness in life ? ,? life in emptiness and loneliness my of rid get I do How
How did Donald Trump win the election ? ,? election the win Trump Donald did How
How did Donald Trump win the 2016 US Presidential Election ? ,? Election Presidential US 2016 the win Trump Donald did How
How will World War 3 be like ? ,? like be 3 War World will How
What will the third world war look like ? ,? like look war world third the will What
How can I learn everything about computers ? ,? computers about everything learn I can How
"How do I learn about computer programming, networking and computer hardware ? ","? hardware computer and networking programming, computer about learn I do How"
What's the best American TV shows ? ,? shows TV American best the What's
What are some best American TV shows ? ,? shows TV American best some are What
How can I get a sponsorship from a shipping company ? ,? company shipping a from sponsorship a get I can How
How can I acquire a sponsorship from a shipping company ? ,? company shipping a from sponsorship a acquire I can How
How do I stop my puppy from chewing my shoes ? ,? shoes my chewing from puppy my stop I do How
What is the best way to stop a dog from inappropriate chewing ? ,? chewing inappropriate from dog a stop to way best the is What
What makes people happy the most ? ,? most the happy people makes What
What makes you happy the most and why ? ,? why and most the happy you makes What
What are your favourite swear words ? ,? words swear favourite your are What
What's your favourite swear word and why ? ,? why and word swear favourite your What's
What is the difference between a web application and website ? ,? website and application web a between difference the is What
What is the difference between a web application and a webpage ? ,? webpage a and application web a between difference the is What
Do pants feel the pain when we cut them ? ,? them cut we when pain the feel pants Do
Does plants feel pain like all the other living species ? ,? species living other the all like pain feel plants Does
Why did Quora limit question details to 300 words ? ,? words 300 to details question limit Quora did Why
Why does Quora have a character limit in Question Details ? ,? Details Question in limit character a have Quora does Why
What is the weirdest website you have seen ? ,? seen have you website weirdest the is What
What is the strangest website you have seen ? ,? seen have you website strangest the is What
How do I become a IT security specialist ? ,? specialist security IT a become I do How
How can I become a Cyber Security Specialist ? ,? Specialist Security Cyber a become I can How
Which is the best laptop under Rs 25000 ? ,? 25000 Rs under laptop best the is Which
What will be best laptop Under 25000 INR  ? ,? INR 25000 Under laptop best be will What
How do I improve search engine ranking ? ,? ranking engine search improve I do How
What is the best way to improve search engine ranking ? ,? ranking engine search improve to way best the is What
Which is the best QuickBooks Tech Support Number ? ,? Number Support Tech QuickBooks best the is Which
Which is the best QuickBooks Hosting Support Number in New York ? ,? York New in Number Support Hosting QuickBooks best the is Which
What countries will you visit again ? ,? again visit you will countries What
What countries you will ever visit again ? ,? again visit ever will you countries What
How do I control anxiety ? ,? anxiety control I do How
How can I control my anxiety ?  I'm 20 years old,old years 20 I'm ? anxiety my control I can How
What colors go with gray ? ,? gray with go colors What
What colors go best with gray ? ,? gray with best go colors What
Which animal has the fastest reaction time ? ,? time reaction fastest the has animal Which
What creature has the fastest reaction speed on earth ? ,? earth on speed reaction fastest the has creature What
How one can control impulsive emotions ? ,? emotions impulsive control can one How
How can I control my bad feelings and emotions ? ,? emotions and feelings bad my control I can How
How do I get that peace of mind ? ,? mind of peace that get I do How
What is the way to get peace of mind ? ,? mind of peace get to way the is What
What is a good diet to lose weight ? ,? weight lose to diet good a is What
"I am ugly and fat, how to lose weight ? ","? weight lose to how fat, and ugly am I"
Does anybody truly fear a Donald Trump presidency ? ,? presidency Trump Donald a fear truly anybody Does
Would a Donald Trump presidency truly be disastrous ? ,? disastrous be truly presidency Trump Donald a Would
Why was the invention of light bulb a game changer ? ,? changer game a bulb light of invention the was Why
Why was the creation of the incandescent light bulb important ? ,? important bulb light incandescent the of creation the was Why
How do I concentrate in studies ? ,? studies in concentrate I do How
How do I concentrate in a better way on studies ? ,? studies on way better a in concentrate I do How
How do I change my email address ? ,? address email my change I do How
What is the best way to change email addresses ? ,? addresses email change to way best the is What
Will India fight a war with Pakistan ? ,? Pakistan with war a fight India Will
Should India go for war with Pakistan ? ,? Pakistan with war for go India Should
Where should I start to learn programming ? ,? programming learn to start I should Where
What's the best way to learn general programming ? ,? programming general learn to way best the What's
How do I talk English fluently ? ,? fluently English talk I do How
How can I learn to speak English fluently ? ,? fluently English speak to learn I can How
Do long distance relationships work ? ,? work relationships distance long Do
Is there a single case of a successful long distance relationship ? ,? relationship distance long successful a of case single a there Is
Where can I hire a serious hacker ? ,? hacker serious a hire I can Where
Where can I find a professional hacker ? ,? hacker professional a find I can Where
Which is the best laptop under Rs 25000 ? ,? 25000 Rs under laptop best the is Which
Which is the best laptop model within 25000 rupees ? ,? rupees 25000 within model laptop best the is Which
Why do people hate guns ? ,? guns hate people do Why
Why do people dislike guns ? ,? guns dislike people do Why
What is the worst company you have ever worked for ? ,? for worked ever have you company worst the is What
What are the worst companies that you have ever worked ? ,? worked ever have you that companies worst the are What
What are the best sources to learn digital marketing ? ,? marketing digital learn to sources best the are What
What is best source for start learning digital marketing ? ,? marketing digital learning start for source best is What
What is the best medicine for dandruff ? ,? dandruff for medicine best the is What
What is the best medicine to remove dandruff ? ,? dandruff remove to medicine best the is What
What is the best place in India for a solo trip ? ,? trip solo a for India in place best the is What
What are the best destinations for solo trip in India ? ,? India in trip solo for destinations best the are What
How do I find End Users ? ,? Users End find I do How
How can I find end users ? ,? users end find I can How
How do I get job ? ,? job get I do How
What is the fastest way to get a job ? ,? job a get to way fastest the is What
Does the truth come out when you're angry ? ,? angry you're when out come truth the Does
Is it true that truth comes out when you're angry ? ,? angry you're when out comes truth that true it Is
How should I improve my writing skill for blogging ? ,? blogging for skill writing my improve I should How
What steps can I take to improve my writing skills ? ,? skills writing my improve to take I can steps What
What are inspirational movies to watch ? ,? watch to movies inspirational are What
Which are the most inspirational movies ? ,? movies inspirational most the are Which
How do I increase likes on Instagram ? ,? Instagram on likes increase I do How
How do I increase my followers on Instagram ? ,? Instagram on followers my increase I do How
What is the difference between interpretation and translation ? ,? translation and interpretation between difference the is What
What is the difference between translation and interpretation ? ,? interpretation and translation between difference the is What
How does one intelligently ask questions ? ,? questions ask intelligently one does How
How do I learn to ask the right questions ? ,? questions right the ask to learn I do How
What do you think of Kurdistan region of Iraq ? ,? Iraq of region Kurdistan of think you do What
What do you think about Kurdistan region of Iraq ? ,? Iraq of region Kurdistan about think you do What
How do I know whether a person is lying ? ,? lying is person a whether know I do How
What are some parameters to know that one is lying ? ,? lying is one that know to parameters some are What
What is the easy way to make money online ? ,? online money make to way easy the is What
What should I do to make money online in India ? ,? India in online money make to do I should What
What's the best online resource to learn C# ? ,? C# learn to resource online best the What's
What are the best resources to learn OOP in c# ? ,? c# in OOP learn to resources best the are What
How do I change my primary email on Quora ? ,? Quora on email primary my change I do How
How can I change my primary email address on Quora ? ,? Quora on address email primary my change I can How
What is a good way to start learning Python and Data Visualization ? ,? Visualization Data and Python learning start to way good a is What
How should I start learning data analytics with python as a beginner ? ,? beginner a as python with analytics data learning start I should How
The impact of brexit on Indian economy ? ,? economy Indian on brexit of impact The
What is effect of BREXIT on Indian economy ? ,? economy Indian on BREXIT of effect is What
What is your idea of peace ? ,? peace of idea your is What
What is your idea of peace and why ? ,? why and peace of idea your is What
What are some inventions made in Ancient Rome ? ,? Rome Ancient in made inventions some are What
What are some examples of technology developed in Ancient Rome ? ,? Rome Ancient in developed technology of examples some are What
What is one of your favorite life hacks ? ,? hacks life favorite your of one is What
What are some of your favorite life hacks ? ,? hacks life favorite your of some are What
How do you hide friends on Facebook ? ,? Facebook on friends hide you do How
Can you hide friends from you Facebook friend list ? ,? list friend Facebook you from friends hide you Can
Can I use Jio SIM in iPhone 5s ? ,? 5s iPhone in SIM Jio use I Can
How can I use a Jio SIM on iPhone 5s ? ,? 5s iPhone on SIM Jio a use I can How
Share your review about Kabali movie ? ,? movie Kabali about review your Share
What is your review of kabali movie and tell interesting scene ? ,? scene interesting tell and movie kabali of review your is What
How can I earn money easily online ? ,? online easily money earn I can How
How can I earn money online from home only ? ,? only home from online money earn I can How
How do I get over failure ? ,? failure over get I do How
How can i get over any failure ? ,? failure any over get i can How
How do I really kill myself ? ,? myself kill really I do How
What is the easiest way to kill myself ? ,? myself kill to way easiest the is What
What is India's national language ? ,? language national India's is What
What is the national language of India ? ,? India of language national the is What
What are some amazing facts about Composer Ilayaraja ? ,? Ilayaraja Composer about facts amazing some are What
Can you tell 20 facts about the music composer Ilayaraja ? ,? Ilayaraja composer music the about facts 20 tell you Can
How can I prepare for writing copy for digital marketing ? ,? marketing digital for copy writing for prepare I can How
How can one prepare for writing copy for Digital Marketing ? ,? Marketing Digital for copy writing for prepare one can How
What are five functions of proteins ? ,? proteins of functions five are What
What are the multiple functions of proteins ? ,? proteins of functions multiple the are What
When was the last time you were truly happy ? ,? happy truly were you time last the was When
When was the last time you felt completely stress free or happy ? ,? happy or free stress completely felt you time last the was When
Can people actively control their emotions ? ,? emotions their control actively people Can
How do smart and successful people control their emotions ? ,? emotions their control people successful and smart do How
What does a three months pregnant belly look like ? ,? like look belly pregnant months three a does What
What does your stomach look like at three months pregnant ? ,? pregnant months three at like look stomach your does What
What are some facts on cricket ? ,? cricket on facts some are What
What are some crazy facts about cricket ? ,? cricket about facts crazy some are What
What are the best suspense thriller movies ? ,? movies thriller suspense best the are What
Which are the best suspense and thriller movies ? ,? movies thriller and suspense best the are Which
What are the best place to visit Europe ? ,? Europe visit to place best the are What
What are some good places to visit in Europe ? ,? Europe in visit to places good some are What
What is best laptop under 40000 rupees ? ,? rupees 40000 under laptop best is What
Which is the best laptop under 40000 INR ? ,? INR 40000 under laptop best the is Which
Does masturbation cause hair fall ? ,? fall hair cause masturbation Does
Does masturbation causes hair fall ? ,? fall hair causes masturbation Does
What is the effect of masturbating daily ? ,? daily masturbating of effect the is What
What are the effects on body of Masturbating daily ? ,? daily Masturbating of body on effects the are What
What is best real estate company in Hyderabad ? ,? Hyderabad in company estate real best is What
Which is the best real estate agency in Hyderabad ? ,? Hyderabad in agency estate real best the is Which
Is the law of attraction real ? ,? real attraction of law the Is
How much law of attraction works ? ,? works attraction of law much How
How can I heal a split lip ? ,? lip split a heal I can How
What are the best ways to heal a split lip ? ,? lip split a heal to ways best the are What
What are the top five strongest militaries in the world ? ,? world the in militaries strongest five top the are What
What are the top 10 strongest military powers in the world ? ,? world the in powers military strongest 10 top the are What
How do I improve will power ? ,? power will improve I do How
What can I do for strengthen my will power ? ,? power will my strengthen for do I can What
What are the best investments ? ,? investments best the are What
What are some of the best investment plans ? ,? plans investment best the of some are What
How can I improve my confidence ? ,? confidence my improve I can How
What are some suggestions on how to improve my self confidence ? ,? confidence self my improve to how on suggestions some are What
From where should I start programming ? ,? programming start I should where From
From where should we start programming ? ,? programming start we should where From
What kind of parents will the next generation have ? ,? have generation next the will parents of kind What
How would you describe the next generation of parenting ? ,? parenting of generation next the describe you would How
What is the mountain in the Paramount Logo ? ,? Logo Paramount the in mountain the is What
What is the name of the mountain in the Paramount Pictures logo ? ,? logo Pictures Paramount the in mountain the of name the is What
What is the best way to understand computer science ? ,? science computer understand to way best the is What
How can we understand the programs in computer science ? ,? science computer in programs the understand we can How
Which book makes/changed your life ? ,? life your makes/changed book Which
What is the best book that has changed your life ? ,? life your changed has that book best the is What
What is the myth behind a left eye twitching ? ,? twitching eye left a behind myth the is What
What superstitious beliefs surround an eye twitching ? ,? twitching eye an surround beliefs superstitious What
How can I get free iTunes codes ? ,? codes iTunes free get I can How
Where can I get free iTunes codes ? ,? codes iTunes free get I can Where
How can I lose weight quickly ? ,? quickly weight lose I can How
How do I lose weight fast by perfect weight Loss plan ? ,? plan Loss weight perfect by fast weight lose I do How
What is the cause of conflict between Israel and Palestine ? ,? Palestine and Israel between conflict of cause the is What
Why is there conflict between the people of Israel and Palestine ? ,? Palestine and Israel of people the between conflict there is Why
How can one improve his problem solving abilities ? ,? abilities solving problem his improve one can How
What are the best way to improve problem solving skills ? ,? skills solving problem improve to way best the are What
Which two states in India has most beautiful women and why ? ,? why and women beautiful most has India in states two Which
Which state in India can boast of having the most beautiful women ? ,? women beautiful most the having of boast can India in state Which
How do I increase the vocabulary ? ,? vocabulary the increase I do How
How did you expand your vocabulary ? ,? vocabulary your expand you did How
How do you wash a dog ? ,? dog a wash you do How
What are some good ways to wash my dog ? ,? dog my wash to ways good some are What
What do you do to be organized ? ,? organized be to do you do What
What do you do to get organized ? ,? organized get to do you do What
How do I start a company with no money ? ,? money no with company a start I do How
"How do I start business, if I have no money ? ","? money no have I if business, start I do How"
Can there ever be peace in Middle East.. ? ,? East.. Middle in peace be ever there Can
Will there ever truly be peace in the Middle East ? ,? East Middle the in peace be truly ever there Will
What is meant by surgical strike ? ,? strike surgical by meant is What
What is surgical strike by India ? ,? India by strike surgical is What
What's the best programming language to learn in 2016 ? ,? 2016 in learn to language programming best the What's
What are the best programming languages for beginners and why ? ,? why and beginners for languages programming best the are What
In which form will World War 3 take ? ,? take 3 War World will form which In
What will the third world war look like ? ,? like look war world third the will What
What is chromosomal mutation ?  What are some examples ? ,? examples some are What ? mutation chromosomal is What
What are chromosomal mutations ?  What are some examples ? ,? examples some are What ? mutations chromosomal are What
How will World War 3 be like ? ,? like be 3 War World will How
"If World War III broke out, who would win ? ","? win would who out, broke III War World If"
Who will win the upcoming general election ? ,? election general upcoming the win will Who
Which party will win the 2014 general elections in India ?  Why ? ,? Why ? India in elections general 2014 the win will party Which
How do I quit smoking ?  How ? ,? How ? smoking quit I do How
What would be the best way to quit smoking ? ,? smoking quit to way best the be would What
How can I earn money while studying ? ,? studying while money earn I can How
How do I earn money with my studies ? ,? studies my with money earn I do How
How can you get protein without eating meat ? ,? meat eating without protein get you can How
How do I get adequate protein without eating meat ? ,? meat eating without protein adequate get I do How
What's the meaning of life ? ,? life of meaning the What's
What is the meaning of our life ? ,? life our of meaning the is What
How many customers does Rainforest QA have ? ,? have QA Rainforest does customers many How
How many paying customers Rainforest QA have ? ,? have QA Rainforest customers paying many How
Which country pays low taxes ? ,? taxes low pays country Which
Which country has the lowest taxes ? ,? taxes lowest the has country Which
What are some workout plans to lose belly fat ? ,? fat belly lose to plans workout some are What
What are some good ways to get rid of belly fat ? ,? fat belly of rid get to ways good some are What
Why dreams occur while sleeping ? ,? sleeping while occur dreams Why
How do people get dreams while sleeping ? ,? sleeping while dreams get people do How
"If Donald Trump wins, how would it affect India ? ","? India affect it would how wins, Trump Donald If"
How is US president Donald Trump important for India ? ,? India for important Trump Donald president US is How
How do I learn math ? ,? math learn I do How
What is the best way to learn Mathematics ? ,? Mathematics learn to way best the is What
Who will be the next ameracan president ? ,? president ameracan next the be will Who
Who would be the next president of America ? ,? America of president next the be would Who
Which are some of the best pictures ever taken ? ,? taken ever pictures best the of some are Which
What's the most beautiful picture you have ever taken ? ,? taken ever have you picture beautiful most the What's
"Was there time when the Big Bang happened, or not ? ","? not or happened, Bang Big the when time there Was"
What exactly happened in Big Bang and when it happened ? ,? happened it when and Bang Big in happened exactly What
Who will be the next president of USA 2016 ? ,? 2016 USA of president next the be will Who
Who is going to be the next president of USA ? ,? USA of president next the be to going is Who
What is press release submission ? ,? submission release press is What
What are press release submission ? ,? submission release press are What
How can I dramatically improve my grades ? ,? grades my improve dramatically I can How
How do I significantly improve my grades ? ,? grades my improve significantly I do How
How many Muslims are in Brazil ? ,? Brazil in are Muslims many How
How many Muslims live in Brazil ? ,? Brazil in live Muslims many How
Is it bad to rev your engine in park ? ,? park in engine your rev to bad it Is
Is it bad to rev your engine while you are in park ? ,? park in are you while engine your rev to bad it Is
What is the best romantic movie of all time ? ,? time all of movie romantic best the is What
What are some best Hollywood romantic movies to watch ? ,? watch to movies romantic Hollywood best some are What
Is milk good for health ? ,? health for good milk Is
Is milk good or bad for health ? ,? health for bad or good milk Is
How do I get him to break up with me ? ,? me with up break to him get I do How
How can I break up with my girlfriend ? ,? girlfriend my with up break I can How
What are some arguments in support of electing Donald Trump ? ,? Trump Donald electing of support in arguments some are What
What are some reasonable and logical reasons to vote for Donald Trump ? ,? Trump Donald for vote to reasons logical and reasonable some are What
How can I join merchant navy ? ,? navy merchant join I can How
How do I get into the Merchant Navy ? ,? Navy Merchant the into get I do How
Is the US election rigged ? ,? rigged election US the Is
Are the US elections rigged ? ,? rigged elections US the Are
Which is the best phone under 20000 ? ,? 20000 under phone best the is Which
"What IS the best mobile under 20,000 ? ","? 20,000 under mobile best the IS What"
What is your New Year Resolution for 2017 ? ,? 2017 for Resolution Year New your is What
What is your new year resolution for 2017 or goal for 2017 ? ,? 2017 for goal or 2017 for resolution year new your is What
What are the easy ways to earn money online ? ,? online money earn to ways easy the are What
What are some easy ways to make done extra money online ? ,? online money extra done make to ways easy some are What
What are double replacement reactions ?  What are some examples ? ,? examples some are What ? reactions replacement double are What
What are some common examples of double displacement reactions ? ,? reactions displacement double of examples common some are What
How do you save up money ? ,? money up save you do How
What are tips for saving money ? ,? money saving for tips are What
Where can I get best legal support for property transaction in Sydney ? ,? Sydney in transaction property for support legal best get I can Where
Where can I get necessary advice for any property transaction in Sydney ? ,? Sydney in transaction property any for advice necessary get I can Where
What do people in your country have for dinner ? ,? dinner for have country your in people do What
What do people in your country have mostly for dinner ? ,? dinner for mostly have country your in people do What
Which is the all time best Hollywood movie ? ,? movie Hollywood best time all the is Which
Which are the best Hollywood movies of all time ? ,? time all of movies Hollywood best the are Which
Why do Indians eat using bare hands ? ,? hands bare using eat Indians do Why
Culture of India: Why do some Indians eat with their hands ? ,? hands their with eat Indians some do Why India: of Culture
Which incident has changed your life ? ,? life your changed has incident Which
What is that one incident that changed your life for better ? ,? better for life your changed that incident one that is What
Is there any popular service similar to Quora ? ,? Quora to similar service popular any there Is
Are there any websites that has similar functions as Quora ? ,? Quora as functions similar has that websites any there Are
What do I gift my boyfriend for his birthday ? ,? birthday his for boyfriend my gift I do What
What should I get my boyfriend for his birthday ? ,? birthday his for boyfriend my get I should What
How can I get backlinks index faster ? ,? faster index backlinks get I can How
How do I get backlinks indexed faster ? ,? faster indexed backlinks get I do How
What are some good Malayalam books to read ? ,? read to books Malayalam good some are What
What are the top 3 Malayalam books for teenagers ? ,? teenagers for books Malayalam 3 top the are What
What are the best hotels to stay in Goa ? ,? Goa in stay to hotels best the are What
What are some of the best budget hotels to stay in Goa ? ,? Goa in stay to hotels budget best the of some are What
Why are people so possessive in relationships ? ,? relationships in possessive so people are Why
Why are some people so possessive in relationships ? ,? relationships in possessive so people some are Why
What is the best Quickbooks technical support number ? ,? number support technical Quickbooks best the is What
What is the quickbooks customer support phone number USA ? ,? USA number phone support customer quickbooks the is What
How bad is it to swallow bleach ? ,? bleach swallow to it is bad How
What happens if you swallow bleach ? ,? bleach swallow you if happens What
Do you get pregnant on your fertile days or ovulation ? ,? ovulation or days fertile your on pregnant get you Do
How is the process of getting pregnant on a fertile day ? ,? day fertile a on pregnant getting of process the is How
Why do bad things happen to good people ? ,? people good to happen things bad do Why
Why do evil things happen to good people ? ,? people good to happen things evil do Why
How did Donald trump won US presidential election 2016 ? ,? 2016 election presidential US won trump Donald did How
How did Donald Trump manage to win the 2016 US election ? ,? election US 2016 the win to manage Trump Donald did How
How do I recover permanently deleted files ? ,? files deleted permanently recover I do How
Can you recover permanently deleted files ?  How ? ,? How ? files deleted permanently recover you Can
How do I find a husband ? ,? husband a find I do How
How can I find a good husband ? ,? husband good a find I can How
How do I broaden visions about the world ? ,? world the about visions broaden I do How
What is the best way to broaden visions about the world ? ,? world the about visions broaden to way best the is What
How can I be a professional singer ? ,? singer professional a be I can How
How can one become a professional singer ? ,? singer professional a become one can How
Which is best programming language for machine learning ? ,? learning machine for language programming best is Which
Which programming language will be the best for machine learning ? ,? learning machine for best the be will language programming Which
